<?xml version="1.0" encoding="UTF-8"?>
<email_menu>
	<email>
		<name>To</name>
		<description>email address of the recipent </description>
		
	</email>
	<email>
		<name>From</name>
		<description>email address of the sender</description>
	</email>
	<email>
		<name>CC</name>
		<description>CC list is visible to all other recipients</description>
	</email>
	<email>
		<name>BCC</name>
		<description>BCC list is visible only to the sender</description>
	</email>
	<email>
		<name>Subject</name>
		<description>Subject of the mail</description>
	</email>
	<email>
		<name>Body</name>
		<description>Body of the email</description>
	</email>
</email_menu>
