<?xml version="1.0" encoding="UTF-8"?>
<employee_menu>
	<employee>
		<EMPNO>7369</EMPNO>
		<EENAME>SMITH</EENAME>
		<JOB>CLERK</JOB>
		<MGR>7902</MGR>
		<HIREDATE>17-DEC-80</HIREDATE>
		<SAL>1100</SAL>
		<COMM>200</COMM>
		<DEPTNO>20</DEPTNO>
	</employee>
	<employee>
		<EMPNO>7499</EMPNO>
		<EENAME>ALLEN</EENAME>
		<JOB>SALESMAN</JOB>
		<MGR>7698</MGR>
		<HIREDATE>20-FEB-81</HIREDATE>
		<SAL>1600</SAL>
		<COMM>24820</COMM>
		<DEPTNO>30</DEPTNO>
	</employee>
	<employee>
		<EMPNO>7521</EMPNO>
		<EENAME>WARD</EENAME>
		<JOB>SALESMAN</JOB>
		<MGR>7698</MGR>
		<HIREDATE>22-FEB-81</HIREDATE>
		<SAL>1375</SAL>
		<COMM>19700</COMM>
		<DEPTNO>30</DEPTNO>
	</employee>
	<employee>
		<EMPNO>7566</EMPNO>
		<EENAME>JONES</EENAME>
		<JOB>MANAGER</JOB>
		<MGR>7839</MGR>
		<HIREDATE>02-APR-81</HIREDATE>
		<SAL>3175</SAL>
		<COMM></COMM>
		<DEPTNO>20</DEPTNO>
	</employee>
	<employee>
		<EMPNO>7654</EMPNO>
		<EENAME>MARTIN</EENAME>
		<JOB>SALESMAN</JOB>
		<MGR>7698</MGR>
		<HIREDATE>28-SEP-81</HIREDATE>
		<SAL>1385</SAL>
		<COMM>20600</COMM>
		<DEPTNO>30</DEPTNO>
	</employee>
	<employee>
		<EMPNO>7698</EMPNO>
		<EENAME>BLAKE</EENAME>
		<JOB>MANAGER</JOB>
		<MGR>7839</MGR>
		<HIREDATE>01-MAY-81</HIREDATE>
		<SAL>2850</SAL>
		<COMM></COMM>
		<DEPTNO>30</DEPTNO>
	</employee>
	<employee>
		<EMPNO>7782</EMPNO>
		<EENAME>CLARK</EENAME>
		<JOB>MANAGER</JOB>
		<MGR>7839</MGR>
		<HIREDATE>09-JUN-81</HIREDATE>
		<SAL>2450</SAL>
		<COMM></COMM>
		<DEPTNO>10</DEPTNO>
	</employee>
	<employee>
		<EMPNO>7788</EMPNO>
		<EENAME>SCOTT</EENAME>
		<JOB>ANALYST</JOB>
		<MGR>7566</MGR>
		<HIREDATE>19-APR-87</HIREDATE>
		<SAL>2000</SAL>
		<COMM></COMM>
		<DEPTNO>20</DEPTNO>
	</employee>
	<employee>
		<EMPNO>7839</EMPNO>
		<EENAME>KING</EENAME>
		<JOB>PRESIDENT</JOB>
		<MGR></MGR>
		<HIREDATE>17-NOV-81</HIREDATE>
		<SAL>5000</SAL>
		<COMM>200</COMM>
		<DEPTNO>20</DEPTNO>
	</employee>
	<employee>
		<EMPNO>7844</EMPNO>
		<EENAME>TURNER</EENAME>
		<JOB>SALESMAN</JOB>
		<MGR>7698</MGR>
		<HIREDATE>08-SEP-81</HIREDATE>
		<SAL>1650</SAL>
		<COMM>23000</COMM>
		<DEPTNO>30</DEPTNO>
	</employee>
	<employee>
		<EMPNO>876</EMPNO>
		<EENAME>ADAMS</EENAME>
		<JOB>CLERK</JOB>
		<MGR>7788</MGR>
		<HIREDATE>23-MAY-87</HIREDATE>
		<SAL>1430</SAL>
		<COMM>200</COMM>
		<DEPTNO>20</DEPTNO>
	</employee>
	<employee>
		<EMPNO>7900</EMPNO>
		<EENAME>JAMES</EENAME>
		<JOB>CLERK</JOB>
		<MGR>7698</MGR>
		<HIREDATE>03-DEC-81</HIREDATE>
		<SAL>1045</SAL>
		<COMM>200</COMM>
		<DEPTNO>30</DEPTNO>
	</employee>
</employee_menu>
		